Treatment,Family,Offspring,L1,L2,L3,L4,L5,L6,L7,L8,L9,L10
Forest,1948,1,5,57,35,5,5,5,5,5,5,57
Forest,1948,2,5,5,35,5,3,5,5,5,5,5
Forest,1948,3,5,5,35,5,5,5,5,5,5,5
Forest,1948,4,5,57,35,5,5,5,5,5,5,5
Forest,1948,5,3,5,5,57,5,5,5,5,5,57
Forest,1948,6,3,57,35,57,5,5,5,5,5,57
Forest,1948,7,3,57,5,7,5,5,5,5,5,5
Forest,1948,8,3,5,5,57,5,5,5,5,5,57
Forest,1948,9,5,5,5,57,5,5,5,5,5,5
Forest,1948,10,5,5,5,5,5,5,5,5,5,5
Forest,1948,11,5,57,5,57,5,5,5,3,5,5
Forest,1948,12,5,57,35,57,5,5,5,5,5,57
Forest,1948,13,5,5,5,7,5,5,5,5,5,57
Forest,1948,14,5,5,5,5,5,5,5,5,5,5
Forest,1948,15,5,5,5,5,5,5,5,5,5,57
Forest,1948,16,5,5,5,5,5,5,5,3,5,57
Forest,1948,17,5,5,35,57,5,5,5,5,5,57
Forest,1948,18,5,5,5,5,5,5,5,5,5,5
Forest,1948,19,5,5,5,57,5,5,5,5,5,57
Forest,1948,20,5,5,35,57,5,5,5,5,5,57
Forest,1948,21,5,5,5,57,5,5,5,5,5,57
Forest,1948,22,5,5,5,5,5,5,5,5,5,57
Forest,1948,23,3,5,35,57,5,5,5,5,5,7
Forest,1948,24,5,5,5,5,5,5,5,5,5,57
Forest,1948,25,3,5,35,5,5,5,5,5,5,57
Forest,1948,26,5,5,5,5,5,5,5,5,5,5
Forest,1948,27,5,5,5,57,5,5,5,5,5,5
Forest,1948,28,5,3,5,5,5,5,5,7,5,5
Forest,1948,29,5,3,35,5,3,5,5,5,5,5
Forest,1948,30,5,5,5,5,5,5,5,5,5,7
Forest,1948,31,5,5,5,5,5,5,5,5,5,57
Forest,1948,32,5,57,5,5,3,5,5,5,5,5
Forest,1948,33,5,5,35,5,5,5,5,5,5,5
Forest,1948,34,5,57,5,5,5,5,5,5,5,5
Forest,1948,35,5,57,5,5,5,5,5,5,5,5
Forest,1948,36,5,5,5,5,5,5,5,5,5,7
Forest,1948,37,5,5,35,5,5,5,5,5,5,57
Forest,1948,38,3,5,5,57,5,5,5,5,5,7
Forest,1948,39,3,5,5,5,3,5,5,5,5,5
Forest,1948,40,5,5,35,5,5,5,5,5,5,5
Forest,1948,41,5,5,5,57,5,5,5,5,5,7
Forest,1948,42,5,57,5,5,5,5,5,5,5,5
Forest,1948,43,5,57,5,57,3,7,5,5,5,57
Forest,1948,44,5,57,5,57,5,5,5,5,5,57
Forest,1948,45,5,57,35,57,5,5,5,5,5,57
Forest,1948,46,7,57,5,57,5,5,5,5,5,5
Forest,1948,47,5,57,5,57,3,5,5,5,5,57
Forest,1948,48,5,5,5,5,5,5,7,5,5,57
Forest,1948,49,5,5,35,57,5,5,5,5,5,57
Forest,1948,50,5,57,5,5,5,5,5,5,5,57
Forest,1948,51,5,5,35,57,5,5,5,5,5,57
Forest,1948,52,5,5,5,5,5,5,5,5,5,7
Forest,1948,53,5,57,5,5,7,5,5,5,5,57
Forest,1948,54,5,5,35,57,5,5,5,5,5,5
Forest,1948,55,5,57,5,57,5,5,5,5,5,57
Forest,1948,56,7,57,5,57,5,5,5,5,5,57
Forest,1948,57,5,5,5,57,5,5,5,5,5,5
Forest,1948,58,7,57,35,6,5,5,5,5,7,5
Forest,1948,59,5,5,5,57,3,5,5,5,5,5
Forest,1948,60,5,5,35,5,5,5,5,5,5,5
Forest,1948,61,5,5,5,57,5,5,5,5,5,5
Forest,1948,62,5,5,5,57,5,5,5,5,5,7
Forest,1948,63,5,5,5,5,5,5,5,5,5,5
Forest,1949,1,5,5,5,7,5,5,5,5,57,57
Forest,1949,2,5,5,5,5,5,7,5,5,5,57
Forest,1949,3,5,5,5,5,5,5,5,5,5,5
Forest,1949,4,5,5,5,5,5,5,5,5,5,5
Forest,1949,5,5,5,5,5,5,5,5,5,5,5
Forest,1949,6,5,3,5,5,5,5,5,5,5,57
Forest,1949,7,5,3,5,5,5,5,5,5,5,5
Forest,1949,8,3,3,5,5,5,5,5,5,5,5
Forest,1949,9,5,5,5,5,5,5,5,5,5,5
Forest,1949,10,5,7,5,5,5,5,5,5,5,57
Forest,1949,11,5,5,5,5,5,5,5,3,5,7
Forest,1949,12,5,7,5,5,5,5,5,5,57,57
Forest,1949,13,5,7,5,5,5,5,5,3,5,57
Forest,1949,14,5,7,5,5,5,5,5,7,5,57
Forest,1949,15,5,5,5,5,5,5,5,5,57,57
Forest,1949,16,5,5,5,5,5,5,5,5,57,3
Forest,1949,17,5,5,5,7,5,5,5,5,5,57
Forest,1949,18,5,5,5,7,5,5,5,5,5,57
Forest,1949,19,5,5,,5,5,5,5,5,5,57
Forest,1949,20,5,5,,5,5,5,5,5,57,5
Forest,1949,21,5,5,,5,5,5,5,5,5,5
Forest,1949,22,5,5,,5,5,5,5,3,57,57
Forest,1949,23,7,5,,7,5,5,5,3,57,57
Forest,1949,24,5,5,,5,5,5,5,5,5,57
Forest,1949,25,5,5,,5,5,5,5,5,7,57
Forest,1949,26,5,5,,5,5,5,5,5,57,57
Forest,1949,27,5,3,,5,5,5,5,3,57,57
Forest,1949,28,5,5,,5,5,5,5,5,5,5
Forest,1949,29,5,5,,5,5,5,5,5,7,5
Forest,1950,1,5,5,5,5,5,,,35,5,5
Forest,1950,2,5,5,5,5,5,,,35,5,5
Forest,1950,3,5,5,5,57,5,,,35,5,5
Forest,1950,4,5,5,5,5,5,,,35,5,5
Forest,1950,5,5,5,5,57,5,,,5,5,7
Forest,1950,6,5,5,5,57,5,,,5,7,5
Forest,1950,7,5,5,5,57,5,,,35,5,5
Forest,1950,8,5,5,5,57,5,,,35,5,5
Forest,1950,9,5,5,5,7,5,,,35,5,5
Forest,1950,10,7,5,5,5,5,,,5,5,5
Forest,1950,11,3,5,5,5,5,,,35,5,5
Forest,1950,12,5,5,5,57,5,,,3,5,5
Forest,1950,13,5,5,5,5,5,,,35,5,5
Forest,1950,14,5,5,5,5,5,,,3,5,5
Forest,1950,15,5,5,5,5,5,,,5,5,5
Forest,1950,16,5,5,5,57,5,5,5,7,5,5
Forest,1950,17,5,5,35,7,5,5,5,5,5,5
Forest,1950,18,5,5,35,57,5,5,5,7,5,5
Forest,1950,19,5,5,35,57,5,5,5,7,5,5
Forest,1950,20,5,5,5,5,5,5,5,5,5,5
Forest,1950,21,5,5,35,57,5,5,5,5,5,5
Forest,1950,22,3,5,5,57,5,5,5,5,5,7
Forest,1950,23,5,5,35,57,5,5,5,35,5,5
Forest,1950,24,3,5,35,57,5,5,5,5,5,7
Forest,1950,25,5,5,5,5,5,5,5,35,5,5
Forest,1950,26,5,5,35,5,5,5,5,35,5,7
Forest,1950,27,5,5,5,5,5,5,5,35,5,7
Forest,1950,28,5,5,35,5,5,5,5,5,5,5
Forest,1950,29,5,5,5,5,5,5,5,35,5,5
Forest,1950,30,5,5,5,5,5,5,5,35,5,5
Forest,1950,31,5,5,35,5,5,5,5,35,5,7
Forest,1950,32,5,5,35,57,5,5,5,5,5,5
Forest,1950,33,5,5,35,57,5,5,5,5,5,7
Forest,1950,34,5,5,5,57,5,5,5,35,5,5
Forest,1950,35,5,5,5,57,5,5,5,35,5,5
Forest,1950,36,5,5,5,57,5,5,5,35,5,5
Forest,1950,37,5,7,35,5,5,5,5,35,5,7
Forest,1951,1,7,5,5,57,5,,,7,5,5
Forest,1951,2,7,5,5,5,5,,,7,5,7
Forest,1951,3,5,5,5,57,5,,,5,7,7
Forest,1951,4,5,5,5,57,5,,,7,5,57
Forest,1951,5,7,5,5,6,5,,,7,5,5
Forest,1951,6,7,5,5,5,5,,,35,5,7
Forest,1951,7,5,5,5,57,5,,,7,5,57
Forest,1951,8,5,5,5,57,5,,,5,5,57
Forest,1951,9,5,5,5,5,5,,,5,5,5
Forest,1951,10,5,5,5,57,3,,,7,5,5
Forest,1951,11,5,5,5,5,5,,,5,5,57
Forest,1951,12,5,5,5,5,5,,,7,5,57
Forest,1951,13,7,5,5,57,5,,,7,5,57
Forest,1951,14,7,5,5,57,5,,,7,5,5
Forest,1951,15,5,5,5,5,5,,,7,5,5
Forest,1951,16,5,5,5,57,3,,,7,5,5
Forest,1951,17,7,7,5,57,3,5,5,5,5,5
Forest,1951,18,5,5,5,57,5,5,5,5,5,57
Forest,1951,19,5,7,5,57,5,57,5,5,5,57
Forest,1951,20,5,7,3,5,5,57,5,5,5,57
Forest,1951,21,5,5,5,5,5,5,5,35,5,5
Forest,1951,22,5,7,5,5,5,5,5,35,5,5
Forest,1951,23,3,5,3,57,5,5,5,5,5,57
Forest,1951,24,5,5,5,5,5,5,5,5,5,57
Forest,1951,25,5,7,5,57,5,5,5,5,5,57
Forest,1951,26,5,7,5,57,5,57,5,35,5,57
Forest,1951,27,5,5,3,57,5,5,5,5,5,5
Forest,1951,28,5,5,5,5,5,5,5,5,5,7
Forest,1951,29,5,5,5,5,5,5,5,5,5,5
Forest,1951,30,5,5,5,5,5,5,5,35,5,57
Forest,1951,31,5,7,5,5,5,5,5,5,5,57
Forest,1951,32,5,5,5,57,5,5,5,7,5,57
Forest,1951,33,5,5,5,57,5,5,5,5,5,57
Forest,1951,34,5,5,5,5,3,57,7,35,5,5
Forest,1951,35,5,5,5,57,3,57,5,35,5,5
Forest,1951,36,5,5,5,5,5,57,5,35,5,5
Forest,1951,37,5,5,5,57,5,57,5,35,5,7
Forest,1951,38,5,5,5,5,3,57,5,5,5,5
Forest,1951,39,5,5,5,57,3,57,5,35,5,7
Forest,1951,40,5,5,5,5,5,5,5,5,5,5
Forest,1951,41,5,5,5,57,5,5,5,5,5,57
Forest,1951,42,5,5,5,5,5,57,5,5,5,57
Forest,1951,43,5,5,5,57,5,57,5,5,5,57
Forest,1951,44,5,5,5,57,5,57,5,5,5,57
Forest,1951,45,5,3,5,57,5,57,5,5,5,57
Forest,1952,1,,,,5,5,5,5,3,5,7
Forest,1952,2,,,,5,5,5,5,3,5,5
Forest,1952,3,,,,5,5,5,5,5,5,7
Forest,1952,4,,,,5,5,5,5,3,5,5
Forest,1952,5,5,5,5,5,5,5,5,5,5,7
Forest,1952,6,5,5,5,57,5,5,5,3,7,5
Forest,1952,7,5,5,5,5,5,5,5,5,5,5
Forest,1952,8,5,5,5,5,5,5,5,3,5,5
Forest,1952,9,3,5,5,5,5,5,5,3,5,5
Forest,1952,10,5,5,5,57,5,5,5,5,5,5
Forest,1952,11,5,5,5,57,5,5,5,7,5,5
Forest,1952,12,5,3,5,57,5,5,5,5,5,5
Forest,1952,13,5,3,5,57,5,5,5,5,5,5
Forest,1952,14,5,5,5,57,5,5,5,5,5,5
Forest,1952,15,5,3,5,57,5,5,5,5,5,5
Forest,1952,16,5,5,5,7,5,5,5,5,5,5
Forest,1952,17,5,5,,7,5,5,5,,,0
Forest,1952,18,5,5,,7,3,5,5,,,0
Forest,1952,19,5,5,,7,5,5,5,,,0
Forest,1953,1,5,5,5,5,57,5,5,5,5,5
Forest,1953,2,5,5,3,5,57,5,5,5,5,5
Forest,1954,1,5,7,5,5,35,5,5,5,5,5
Forest,1954,2,5,5,5,57,5,5,5,5,5,5
Forest,1954,3,5,7,3,57,35,5,5,5,5,3
Forest,1954,4,5,5,5,57,5,5,5,3,5,5
Forest,1954,5,5,3,,5,35,5,5,,,0
Forest,1954,6,5,5,,5,5,5,5,,,0
Forest,1955,1,,,,5,5,5,5,5,5,5
Forest,1955,2,,,,5,5,5,5,3,5,5
Forest,1955,3,,,,5,3,5,5,5,5,5
Forest,1955,4,,,,57,5,5,5,5,5,5
Forest,1955,5,,,,57,5,5,5,5,5,5
Forest,1955,6,5,5,,5,5,5,5,,,0
Forest,1955,7,5,5,,5,5,5,5,,,0
Forest,1955,8,,,,7,5,5,5,,,0
Forest,1955,9,,,,5,5,5,5,,,0
Forest,1956,1,5,5,5,5,35,,,5,5,5
Forest,1956,2,5,5,5,57,35,,,5,5,5
Forest,1956,3,5,5,5,5,5,,,5,5,5
Forest,1956,4,5,5,5,5,35,,,3,5,5
Forest,1956,5,5,5,5,5,5,5,5,5,5,7
Forest,1956,6,5,5,5,5,5,5,5,5,5,5
Forest,1956,7,5,7,5,5,5,5,5,5,5,5
Forest,1956,8,5,5,5,5,5,7,5,5,5,5
Forest,1956,9,5,7,5,5,5,5,5,5,5,5
Forest,1956,10,5,5,,57,5,5,5,,,0
Forest,1956,11,5,5,,7,5,5,5,,,0
Forest,1957,1,5,5,35,5,5,5,5,5,5,5
Forest,1957,2,5,5,35,5,5,5,5,3,5,5
Forest,1957,3,5,5,35,7,5,5,5,3,5,5
Forest,1957,4,5,5,5,5,5,5,5,5,5,5
Forest,1957,5,5,5,5,5,5,5,5,5,5,5
Forest,1957,6,5,5,5,5,5,5,5,5,5,5
Forest,1957,7,5,5,5,5,5,5,5,5,5,5
Forest,1957,8,5,3,35,5,5,5,5,5,5,5
Forest,1957,9,5,5,5,5,5,5,5,5,5,5
Forest,1957,10,5,7,35,5,5,7,5,5,5,5
Forest,1957,11,5,5,,7,5,5,5,,,0
Forest,1957,12,5,5,,5,5,5,5,,,0
Forest,1957,13,5,5,,7,5,5,5,,,0
Forest,1957,14,5,5,,5,5,5,5,,,0
Forest,1957,15,5,5,,5,5,5,5,,,0
Forest,1957,16,5,5,,5,5,5,5,,,0
Forest,1957,17,5,5,,5,5,5,5,,,0
Forest,1957,18,5,5,,5,5,5,5,5,7,5
Forest,1958,1,,,,7,5,5,5,5,5,5
Forest,1958,2,3,5,,5,5,5,5,,,0
Forest,1958,3,5,3,,5,5,5,3,,,0
Forest,1959,1,35,5,5,5,35,5,5,35,5,5
Forest,1959,2,35,5,3,5,35,5,5,5,5,5
Forest,1959,3,35,5,5,5,5,5,5,7,5,7
Forest,1959,4,35,5,5,5,5,5,5,35,5,5
Forest,1959,5,35,5,5,5,5,5,5,35,5,5
Forest,1959,6,5,5,5,5,35,5,5,5,5,5
Forest,1959,7,3,5,5,5,5,5,5,5,5,5
Forest,1959,8,35,5,7,5,5,5,5,5,5,5
Forest,1959,9,5,5,7,5,35,5,7,5,5,5
Forest,1959,10,5,5,7,5,35,5,7,5,5,5
Forest,1959,11,5,5,5,3,35,5,7,5,5,7
Forest,1959,12,5,5,7,5,5,5,5,35,7,5
Forest,1959,13,35,5,5,5,35,5,5,5,5,7
Forest,1959,14,35,5,5,5,5,5,5,3,5,5
Forest,1959,15,35,5,5,5,5,5,5,35,5,5
Forest,1959,16,5,5,5,5,5,5,5,35,5,5
Forest,1959,17,5,5,5,5,3,5,5,5,5,5
Forest,1959,18,5,5,5,5,35,5,5,5,5,5
Forest,1959,19,35,3,5,5,35,5,5,5,5,5
Forest,1959,20,5,3,5,5,5,5,5,5,5,5
Forest,1959,21,5,3,5,5,5,5,5,5,5,5
Forest,1959,22,5,3,5,5,5,5,5,35,5,5
Forest,1959,23,5,5,5,5,7,5,5,35,5,5
Forest,1959,24,5,5,5,7,35,5,5,35,5,5
Forest,1960,1,5,5,3,7,5,5,5,3,5,5
Forest,1960,2,5,5,3,5,5,5,5,5,5,5
Forest,1960,3,35,5,5,5,5,5,5,3,5,5
Forest,1960,4,7,5,5,7,5,5,5,5,5,5
Forest,1960,5,3,7,5,5,5,5,5,5,5,7
Forest,1960,6,5,5,5,5,5,5,5,5,5,5
Forest,1960,7,35,5,5,5,5,5,5,5,5,7
Forest,1960,8,35,5,5,5,5,5,5,3,5,5
Forest,1960,9,5,5,5,5,5,5,5,3,5,7
Forest,1960,10,35,5,5,5,5,5,5,5,5,5
Forest,1960,11,5,5,5,5,3,5,5,5,5,5
Forest,1960,12,5,3,5,5,5,5,5,5,5,3
Forest,1960,13,35,5,5,5,5,5,5,5,5,7
Forest,1960,14,5,5,3,5,5,5,5,5,5,5
Forest,1960,15,5,5,5,5,5,5,3,5,5,5
Forest,1960,16,5,5,5,5,5,5,5,5,5,5
Forest,1960,17,5,5,5,5,5,5,5,3,5,5
Forest,1960,18,5,5,5,5,5,5,5,5,5,5
Forest,1960,19,5,5,5,5,5,5,5,5,5,7
Forest,1960,20,5,5,,5,5,5,5,,,0
Forest,1960,21,5,5,,7,5,5,5,,,0
Forest,1963,1,35,5,5,5,5,5,5,3,5,35
Forest,1963,2,35,5,5,5,5,5,5,5,5,5
Forest,1963,3,35,5,5,5,5,5,5,3,5,5
Forest,1963,4,35,5,5,7,5,5,5,5,5,35
Forest,1963,5,35,5,5,7,5,5,5,7,5,35
Forest,1963,6,35,5,5,5,57,7,5,5,5,35
Forest,1963,7,3,5,5,5,57,5,5,5,5,3
Forest,1963,8,3,5,5,5,5,5,5,5,5,5
Forest,1963,9,3,5,5,5,5,7,7,5,5,35
Forest,1963,10,3,5,5,7,5,5,5,3,5,5
Forest,1963,11,35,3,5,5,5,5,5,5,5,35
Forest,1963,12,3,5,5,5,5,5,5,3,5,35
Forest,1963,13,3,5,5,5,57,5,5,7,5,35
Forest,1963,14,3,5,5,7,5,5,5,5,5,5
Forest,1963,15,35,5,5,5,57,5,5,7,5,35
Forest,1963,16,35,5,5,5,5,5,5,3,5,5
Forest,1963,17,5,5,5,5,57,5,5,3,5,35
Forest,1963,18,5,5,5,7,5,5,5,5,5,35
Forest,1963,19,35,3,5,5,5,7,5,5,5,5
Forest,1963,20,5,5,5,5,57,7,5,5,5,35
Forest,1963,21,5,5,5,5,57,5,5,5,5,35
Forest,1963,22,5,5,5,5,5,5,5,5,5,35
Forest,1963,23,5,5,5,5,5,5,5,5,5,35
Forest,1963,24,5,5,5,5,5,5,5,5,5,35
Forest,1968,1,5,5,5,5,35,,,5,5,5
Forest,1968,2,5,5,5,57,35,,,5,5,5
Forest,1968,3,5,5,5,57,5,,,5,5,5
Forest,1968,4,5,5,5,5,35,,,5,5,5
Forest,1968,5,5,5,5,6,35,,,5,5,5
Forest,1968,6,5,5,5,5,5,,,5,5,5
Forest,1968,7,5,5,5,57,5,,,5,5,5
Forest,1968,8,5,5,5,57,5,,,5,5,5
Forest,1968,9,7,5,3,5,5,,,3,5,5
Forest,1968,10,5,5,5,57,35,,,,,0
Forest,1968,11,7,5,5,5,3,,,5,5,5
Forest,1968,12,5,3,5,57,5,5,5,5,5,5
Forest,1968,13,5,5,5,7,5,5,5,3,5,5
Forest,1968,14,5,5,3,5,5,5,5,5,5,5
Forest,1968,15,5,5,5,5,5,5,5,5,5,5
Forest,1968,16,5,5,3,5,5,7,5,3,5,5
Forest,1968,17,5,5,3,57,35,5,5,3,5,5
Forest,1968,18,5,5,5,57,35,5,5,5,5,5
Forest,1968,19,5,5,5,7,5,5,5,5,5,5
Forest,1968,20,5,5,5,5,5,5,5,5,5,5
Forest,1968,21,5,5,5,57,35,5,5,5,5,7
Forest,1968,22,5,5,5,5,35,5,5,5,5,5
Forest,1968,23,5,5,5,5,35,5,5,5,5,5
Forest,1968,24,5,5,5,57,35,5,5,5,5,5
Forest,1968,25,5,5,5,57,35,5,5,5,5,5
Forest,1968,26,5,7,5,57,35,5,5,3,5,5
Forest,1968,27,3,5,5,57,5,5,5,3,5,5
Forest,1968,28,5,5,5,57,35,5,5,3,5,5
Forest,1968,29,3,5,5,5,35,5,5,5,5,5
Forest,1968,30,5,5,5,5,35,5,5,5,5,7
Forest,1968,31,5,5,5,5,35,5,5,5,5,5
Forest,1968,32,5,5,5,57,5,5,5,5,5,5
Forest,1968,33,5,5,5,5,35,5,5,5,5,7
Forest,1968,34,5,3,5,5,35,5,5,5,5,5
Forest,1968,35,,,,5,35,5,5,5,7,7
Forest,1969,1,5,3,5,5,5,5,5,5,5,5
Forest,1969,2,5,5,5,35,5,5,5,5,5,5
Forest,1969,3,5,5,5,35,5,5,5,5,5,5
Forest,1969,4,3,5,5,35,5,5,5,5,5,5
Forest,1969,5,3,7,5,35,5,5,5,5,5,5
Forest,1969,6,3,5,7,5,5,5,5,5,5,5
Forest,1969,7,5,5,5,35,5,5,5,5,5,5
Forest,1969,8,5,3,3,5,5,5,5,5,5,5
Forest,1969,9,3,3,3,35,5,3,5,5,5,5
Forest,1969,10,3,5,3,35,5,5,7,5,5,5
Forest,1969,11,5,5,3,35,5,5,5,5,5,5
Forest,1969,12,5,7,5,5,5,5,5,5,5,5
Forest,1969,13,3,7,5,35,5,5,5,5,5,5
Forest,1969,14,3,5,5,35,5,5,5,5,5,5
Forest,1969,15,5,5,5,35,5,5,5,5,5,5
Forest,1969,16,5,5,5,5,5,5,5,5,5,7
Forest,1969,17,3,5,5,3,5,5,5,5,5,5
Forest,1969,18,3,7,5,5,5,5,5,5,5,7
Forest,1969,19,3,5,5,5,5,5,5,5,5,7
Forest,1969,20,5,5,5,35,5,5,5,5,5,5
Forest,1969,21,5,5,5,35,7,5,5,5,5,5
Forest,1969,22,3,5,5,35,5,5,5,5,5,5
Forest,1969,23,3,7,7,5,5,5,5,3,5,7
Forest,1969,24,3,7,7,35,5,3,5,3,7,5
Forest,1970,1,5,5,5,5,5,,,5,5,5
Forest,1970,2,5,5,5,5,5,,,5,5,5
Forest,1970,3,5,5,5,5,5,,,5,7,5
Forest,1970,4,5,5,5,7,5,,,5,5,5
Forest,1970,5,5,5,5,7,35,,,5,5,5
Forest,1970,6,5,5,5,7,5,,,5,7,5
Forest,1970,7,5,5,5,5,35,,,3,5,5
Forest,1970,8,5,5,5,7,35,,,5,5,5
Forest,1970,9,5,5,5,5,5,,,5,5,5
Forest,1970,10,5,5,5,5,35,,,5,5,5
Forest,1970,11,5,7,5,5,35,,,5,5,7
Forest,1970,12,5,5,5,5,35,,,5,5,7
Forest,1970,13,5,7,5,7,5,,,5,5,5
Forest,1970,14,5,5,5,5,35,7,5,5,5,5
Forest,1970,15,3,5,5,5,5,5,5,5,5,5
Forest,1970,16,5,5,5,5,5,7,5,5,5,7
Forest,1970,17,5,5,5,5,5,5,5,5,5,5
Forest,1970,18,5,5,5,5,35,5,5,5,5,5
Forest,1970,19,5,5,5,7,35,5,5,5,5,5
Forest,1970,20,5,5,5,5,5,5,5,5,5,5
Forest,1970,21,5,5,5,5,5,5,5,5,5,5
Forest,1970,22,5,5,5,5,35,5,5,5,5,5
Forest,1970,23,5,5,5,5,35,5,5,5,5,5
Forest,1970,24,5,5,5,5,35,5,5,5,5,5
Forest,1970,25,5,5,5,5,35,5,5,5,5,5
Forest,1970,26,5,5,5,5,35,5,5,5,5,5
Forest,1970,27,5,5,5,7,35,5,5,5,5,5
Forest,1970,28,5,5,5,5,5,5,5,5,5,5
Forest,1970,29,5,5,5,5,35,5,5,5,5,5
Forest,1970,30,5,3,5,5,35,5,5,,5,7
Forest,1970,31,5,3,5,5,35,5,5,,5,7
Forest,1970,32,5,5,5,5,5,5,5,,5,5
Forest,1970,33,5,5,5,5,35,5,5,,5,5
Forest,1970,34,5,5,5,5,5,7,5,,5,5
Forest,1970,35,5,5,5,5,35,5,5,,5,7
Forest,1970,36,5,5,5,5,35,7,5,,5,5
Forest,1970,37,5,5,5,5,5,5,5,,5,5
Selective,1971,1,35,3,5,7,5,5,5,5,5,5
Selective,1971,2,35,5,5,5,5,5,5,5,5,5
Selective,1971,3,35,5,5,5,5,5,5,5,5,5
Selective,1971,4,3,5,5,5,7,5,5,5,5,5
Selective,1971,5,35,5,5,5,35,5,5,5,5,5
Selective,1971,6,5,5,5,7,5,5,5,5,5,5
Selective,1971,7,5,7,5,7,5,5,5,5,5,5
Selective,1971,8,5,5,5,7,35,5,5,5,5,5
Selective,1971,9,5,5,35,5,35,5,5,5,5,5
Selective,1971,10,3,7,5,5,35,5,5,5,5,5
Selective,1971,11,3,5,5,3,5,5,5,5,5,5
Selective,1971,12,35,5,35,5,5,5,5,5,5,5
Selective,1971,13,3,3,5,3,5,5,5,5,5,5
Selective,1971,14,35,5,5,5,7,5,5,5,5,5
Selective,1971,15,35,5,35,5,35,5,5,5,5,5
Selective,1971,16,3,7,35,5,35,5,5,5,5,5
Selective,1971,17,3,5,5,5,35,5,5,7,5,5
Selective,1971,18,35,5,5,5,5,5,5,5,5,5
Selective,1971,19,3,7,35,5,35,5,5,5,5,5
Selective,1971,20,3,7,35,5,35,5,5,5,5,5
Selective,1971,21,3,5,5,5,35,5,5,5,7,5
Selective,1971,22,3,5,5,5,5,5,5,5,5,5
Selective,1971,23,3,5,35,5,35,5,5,3,7,5
Selective,1971,24,3,3,35,5,35,5,5,7,7,3
Selective,1972,1,5,5,3,5,5,5,5,5,5,5
Selective,1972,2,5,5,5,7,5,5,5,5,5,5
Selective,1972,3,5,5,3,5,5,5,5,5,5,5
Selective,1972,4,5,57,3,7,5,5,5,5,5,5
Selective,1972,5,5,57,5,7,5,5,5,5,5,5
Selective,1972,6,5,57,5,5,5,5,5,5,5,5
Selective,1972,7,5,5,5,5,5,5,5,5,5,5
Selective,1972,8,5,5,57,5,5,5,5,5,5,5
Selective,1972,9,5,5,57,7,5,5,5,5,5,5
Selective,1972,10,5,5,57,7,5,5,5,5,5,5
Selective,1972,11,5,57,5,5,5,5,5,5,5,5
Selective,1972,12,5,57,57,7,5,5,5,5,5,5
Selective,1972,13,5,57,5,5,5,5,5,5,5,5
Selective,1972,14,5,5,57,5,5,5,5,5,5,7
Selective,1972,15,5,57,5,5,5,5,5,5,5,5
Selective,1972,16,5,57,5,5,5,5,5,3,5,7
Selective,1972,17,5,57,5,5,5,5,5,5,5,5
Selective,1972,18,5,57,5,7,5,5,5,5,5,7
Selective,1972,19,5,57,5,7,5,5,5,5,5,7
Selective,1972,20,5,57,5,5,5,5,5,5,5,7
Selective,1972,21,5,5,57,5,5,5,5,3,5,7
Selective,1972,22,5,5,5,7,5,5,5,5,5,7
Selective,1972,23,5,57,3,5,5,5,5,3,5,7
Selective,1972,24,5,5,5,5,5,5,5,5,5,7
Selective,1973,1,7,5,5,5,5,,,7,5,5
Selective,1973,2,35,5,5,5,5,,,7,5,5
Selective,1973,3,35,5,3,5,5,,,3,7,5
Selective,1973,4,5,5,5,5,5,,,5,5,5
Selective,1973,5,35,5,7,7,5,,,5,5,5
Selective,1973,6,3,5,3,5,5,,,5,7,5
Selective,1973,7,5,5,3,5,5,,,3,5,5
Selective,1973,8,7,5,5,5,5,,,5,5,5
Selective,1973,9,5,5,5,5,5,,,5,5,7
Selective,1973,10,5,5,5,7,5,,,5,5,5
Selective,1973,11,35,5,5,7,5,,,5,5,5
Selective,1973,12,5,5,5,5,3,,,5,5,5
Selective,1973,13,5,5,5,5,5,,,5,5,5
Selective,1973,14,5,5,5,5,5,,,5,5,5
Selective,1973,15,35,5,5,7,3,,,5,7,5
Selective,1973,16,7,5,7,5,5,,,5,5,5
Selective,1973,17,35,5,5,5,5,,,5,5,5
Selective,1973,18,35,5,5,7,5,,,5,5,5
Selective,1973,19,5,5,5,5,5,,,5,5,5
Selective,1973,20,5,5,5,5,5,,,5,5,5
Selective,1973,21,3,5,5,5,5,,,5,5,5
Selective,1973,22,35,5,5,5,5,7,7,5,3,5
Selective,1973,23,35,5,5,7,5,7,5,5,5,5
Selective,1973,24,35,5,5,5,5,5,5,5,5,7
Selective,1973,25,35,5,5,5,5,5,5,5,5,5
Selective,1973,26,35,5,5,5,5,7,5,5,3,5
Selective,1973,27,35,5,5,5,5,5,5,5,5,5
Selective,1973,28,35,5,5,7,5,5,5,5,3,5
Selective,1973,29,5,5,5,7,5,5,5,5,5,5
Selective,1973,30,35,5,5,5,5,5,5,5,5,5
Selective,1973,31,35,5,5,5,5,5,5,5,5,5
Selective,1973,32,35,5,5,5,5,5,5,5,5,7
Selective,1973,33,35,5,5,5,5,5,5,5,5,5
Selective,1973,34,35,5,5,5,5,5,5,5,3,5
Selective,1973,35,35,1,5,7,7,5,5,5,5,5
Selective,1973,36,35,5,5,5,5,5,5,5,5,5
Selective,1973,37,5,5,5,5,5,5,5,5,5,5
Selective,1973,38,35,5,5,5,3,5,5,5,5,5
Selective,1973,39,35,5,5,5,5,5,5,5,5,5
Selective,1973,40,5,5,5,7,5,5,5,5,5,5
Selective,1973,41,5,5,5,7,5,5,5,5,5,5
Selective,1973,42,35,5,5,7,3,5,5,5,5,5
Selective,1973,43,7,5,5,7,5,5,5,3,5,5
Selective,1973,44,35,5,5,7,5,5,5,5,5,5
Selective,1973,45,35,5,5,5,5,5,5,5,5,5
Selective,1974,1,5,5,5,5,5,,,5,5,5
Selective,1974,2,5,5,5,5,5,,,5,5,5
Selective,1974,3,5,5,5,7,5,,,5,5,7
Selective,1974,4,5,5,5,5,5,,,5,5,5
Selective,1974,5,57,5,5,7,5,,,5,5,7
Selective,1974,6,57,5,5,7,5,,,5,5,7
Selective,1974,7,3,5,5,7,5,,,35,5,7
Selective,1974,8,5,5,5,5,5,,,3,5,5
Selective,1974,9,57,57,3,5,5,,,35,5,5
Selective,1974,10,5,57,5,5,5,,,5,5,5
Selective,1974,11,5,57,5,5,5,,,35,5,5
Selective,1974,12,5,5,5,5,5,,,35,5,5
Selective,1974,13,5,5,5,5,5,,,35,5,5
Selective,1974,14,5,5,5,5,5,,,35,5,5
Selective,1974,15,5,5,5,5,5,,,35,7,5
Selective,1974,16,5,5,3,5,5,,,35,5,5
Selective,1974,17,5,5,5,7,5,,,3,5,7
Selective,1974,18,5,57,5,5,5,5,5,35,5,35
Selective,1974,19,5,57,5,5,5,5,5,3,5,35
Selective,1974,20,5,57,5,7,5,5,5,35,5,5
Selective,1974,21,5,57,5,5,5,5,5,35,5,35
Selective,1974,22,5,57,5,5,5,5,5,35,5,35
Selective,1974,23,5,57,5,6,5,5,5,35,5,35
Selective,1974,24,5,57,5,5,5,5,5,35,5,7
Selective,1974,25,57,57,5,5,5,5,5,35,7,35
Selective,1974,26,5,5,3,5,5,5,5,35,5,5
Selective,1974,27,5,5,5,5,5,5,5,35,5,5
Selective,1974,28,57,57,3,5,5,5,5,3,5,35
Selective,1974,29,5,5,3,7,5,5,5,35,5,5
Selective,1974,30,5,5,5,5,5,5,5,35,7,5
Selective,1974,31,3,5,3,5,5,5,5,35,5,7
Selective,1974,32,5,5,3,7,5,5,5,5,5,5
Selective,1974,33,5,5,5,5,5,5,5,5,5,5
Selective,1974,34,5,5,3,5,5,5,5,35,5,5
Selective,1974,35,5,5,5,7,5,5,5,35,5,7
Selective,1974,36,5,5,5,3,5,5,5,35,5,5
Selective,1974,37,5,5,5,5,5,5,5,35,5,7
Selective,1974,38,5,57,5,5,5,5,5,7,5,5
Selective,1975,1,5,5,5,5,5,5,5,35,5,57
Selective,1975,2,5,5,5,5,5,5,5,5,5,5
Selective,1975,3,5,5,5,5,5,5,5,5,5,57
Selective,1975,4,5,5,3,5,5,5,5,5,5,5
Selective,1975,5,5,5,3,5,5,5,5,35,5,57
Selective,1975,6,5,5,3,5,5,5,5,35,5,57
Selective,1975,7,5,5,5,7,5,5,5,5,5,57
Selective,1975,8,5,5,5,5,5,5,5,35,5,5
Selective,1975,9,5,5,5,5,5,5,5,5,5,57
Selective,1975,10,5,5,5,7,5,5,5,5,5,57
Selective,1975,11,5,5,5,7,5,5,5,5,5,5
Selective,1975,12,5,5,5,5,3,5,5,5,5,5
Selective,1975,13,7,5,5,5,5,5,5,5,5,5
Selective,1975,14,5,5,5,5,5,5,5,5,5,5
Selective,1975,15,7,5,5,5,5,5,5,35,5,57
Selective,1975,16,5,5,7,7,5,5,5,35,5,57
Selective,1975,17,5,5,5,5,5,5,5,35,5,5
Selective,1975,18,5,5,3,5,5,5,5,35,5,7
Selective,1975,19,7,5,3,5,5,5,5,35,5,5
Selective,1976,1,5,7,5,5,5,5,5,5,5,5
Selective,1976,2,5,7,5,5,5,5,5,35,5,3
Selective,1976,3,5,5,5,57,5,5,5,35,5,5
Selective,1976,4,5,5,5,5,5,5,5,5,5,5
Selective,1976,5,5,5,5,57,5,5,5,5,5,5
Selective,1976,6,5,7,5,5,5,5,5,5,5,5
Selective,1976,7,5,5,5,57,5,5,5,35,3,5
Selective,1976,8,5,5,5,5,5,5,5,5,5,7
Selective,1976,9,7,5,3,57,5,7,5,35,5,7
Selective,1976,10,5,5,3,57,3,5,5,35,5,5
Selective,1976,11,5,5,3,5,5,5,5,5,5,5
Selective,1976,12,5,5,5,7,5,5,5,5,5,5
Selective,1976,13,5,5,5,5,5,5,5,35,5,5
Selective,1976,14,5,5,3,57,5,5,5,35,5,5
Selective,1976,15,5,5,3,5,5,5,5,35,5,5
Selective,1976,16,5,5,5,5,5,5,5,35,5,5
Selective,1976,17,5,5,7,5,3,5,5,35,5,5
Selective,1976,18,5,5,7,5,5,5,5,35,5,5
Selective,1976,19,5,5,5,5,5,5,5,35,5,5
Selective,1976,20,5,5,5,57,5,5,5,35,5,5
Selective,1976,21,5,5,5,5,5,5,5,35,5,5
Selective,1976,22,5,5,5,7,5,5,5,35,5,5
Selective,1976,23,5,5,5,57,5,5,5,35,5,5
Selective,1976,24,5,5,5,57,5,5,5,35,5,5
Selective,1977,1,5,5,3,5,5,,,35,5,5
Selective,1977,2,5,5,3,5,5,,,35,5,5
Selective,1977,3,5,5,3,5,5,,,35,5,7
Selective,1977,4,5,5,5,7,5,,,3,5,5
Selective,1977,5,5,5,5,5,5,,,35,5,5
Selective,1977,6,5,5,5,5,5,,,35,5,5
Selective,1977,7,5,5,5,5,5,,,35,5,5
Selective,1977,8,,,,5,5,,,35,5,5
Selective,1977,9,5,5,5,5,5,5,5,35,3,5
Selective,1977,10,5,5,5,57,5,5,5,5,3,5
Selective,1977,11,5,5,5,5,3,5,7,35,3,5
Selective,1977,12,5,5,5,57,5,5,5,35,5,5
Selective,1977,13,5,5,5,5,5,5,5,5,5,5
Selective,1977,14,5,7,5,57,3,5,5,5,5,5
Selective,1977,15,3,5,5,57,3,5,5,35,3,7
Selective,1977,16,5,5,5,57,3,5,5,5,5,5
Selective,1977,17,5,5,5,57,5,5,5,5,5,5
Selective,1977,18,5,5,5,57,5,5,5,5,5,5
Selective,1977,19,5,5,5,5,5,5,5,5,5,5
Selective,1977,20,5,5,5,57,5,5,5,5,5,5
Selective,1977,21,5,5,5,5,5,5,5,35,5,5
Selective,1977,22,5,5,5,5,5,5,5,5,5,5
Selective,1977,23,5,5,7,5,5,5,5,5,5,5
Selective,1977,24,5,5,7,5,5,5,5,5,5,3
Selective,1978,1,5,5,5,5,5,,,5,5,5
Selective,1978,2,5,5,5,5,5,,,5,5,5
Selective,1978,3,5,5,5,5,5,,,5,5,5
Selective,1978,4,5,5,5,5,5,,,5,5,5
Selective,1978,5,5,5,5,7,5,,,5,5,7
Selective,1978,6,5,5,5,5,5,,,5,5,5
Selective,1978,7,5,5,5,5,5,,,5,5,5
Selective,1978,8,5,5,5,5,3,,,5,5,5
Selective,1978,9,5,5,5,5,5,,,5,5,7
Selective,1978,10,5,5,5,5,5,,,5,5,5
Selective,1978,11,5,5,5,5,5,,,5,5,5
Selective,1978,12,5,5,5,7,5,,,5,5,5
Selective,1978,13,5,5,5,5,5,,,5,5,5
Selective,1978,14,5,5,5,7,5,,,5,5,5
Selective,1978,15,5,5,5,5,5,,,5,5,5
Selective,1978,16,5,5,5,7,5,,,5,5,7
Selective,1978,17,5,5,5,7,5,,,5,5,5
Selective,1978,18,5,5,5,5,3,7,5,5,5,5
Selective,1978,19,5,5,5,5,5,5,5,5,5,5
Selective,1978,20,5,5,5,5,5,7,5,5,5,7
Selective,1978,21,5,3,5,7,3,5,5,5,5,5
Selective,1978,22,5,5,5,7,5,7,5,7,5,5
Selective,1978,23,5,5,5,5,3,5,5,5,5,5
Selective,1978,24,5,5,7,5,5,5,5,7,5,5
Selective,1978,25,5,3,5,5,5,5,5,5,5,5
Selective,1978,26,5,5,5,5,5,5,5,5,5,5
Selective,1978,27,5,5,5,7,5,5,5,5,5,5
Selective,1978,28,5,5,5,7,5,5,5,5,5,5
Selective,1978,29,5,7,5,5,5,5,5,5,5,7
Selective,1979,1,5,7,5,5,5,5,5,5,5,5
Selective,1979,2,5,7,5,5,5,5,5,5,5,5
Selective,1979,3,5,5,5,5,5,5,5,35,5,5
Selective,1979,4,5,5,5,35,5,5,5,7,5,5
Selective,1979,5,5,7,5,5,5,5,5,5,5,7
Selective,1979,6,5,5,5,35,5,5,5,5,5,7
Selective,1979,7,5,5,5,3,5,5,5,35,3,7
Selective,1979,8,5,5,5,35,5,5,5,35,5,5
Selective,1979,9,5,5,5,35,5,5,5,5,5,5
Selective,1979,10,5,7,5,5,5,5,5,35,5,5
Selective,1979,11,5,5,5,3,5,5,5,3,5,7
Selective,1979,12,5,5,5,3,5,5,5,3,5,7
Selective,1979,13,5,5,5,5,3,5,5,3,5,5
Selective,1979,14,5,5,5,3,5,5,5,5,5,5
Selective,1979,15,5,5,5,5,5,5,5,5,5,5
Selective,1979,16,5,5,5,35,5,5,5,35,5,5
Selective,1979,17,5,5,5,3,5,5,5,5,5,5
Selective,1979,18,5,5,5,35,5,5,5,3,5,5
Selective,1979,19,5,5,5,3,5,5,5,5,5,7
Selective,1979,20,5,5,5,3,5,5,5,5,5,7
Selective,1979,21,5,5,5,5,5,5,5,3,5,7
Selective,1979,22,5,5,5,35,5,5,5,5,5,5
Selective,1979,23,5,5,5,5,5,5,5,3,5,3
Selective,1979,24,5,5,5,5,5,5,5,5,5,5
Selective,1980,1,5,5,5,5,5,5,5,3,5,7
Selective,1980,2,5,5,5,5,5,5,5,7,5,7
Selective,1980,3,5,5,5,5,5,5,5,5,5,5
Selective,1980,4,5,5,5,7,3,5,5,5,5,5
Selective,1980,5,5,5,5,5,5,5,5,5,5,5
Selective,1980,6,5,5,5,5,5,5,5,7,5,5
Selective,1980,7,5,5,5,5,5,5,5,3,5,3
Selective,1980,8,5,5,5,3,5,5,5,7,5,5
Selective,1980,9,7,5,5,3,5,5,5,5,5,5
Selective,1980,10,7,5,5,5,5,5,5,5,5,5
Selective,1980,11,5,5,5,5,5,5,5,5,5,5
Selective,1980,12,5,5,5,5,5,5,5,5,5,5
Selective,1980,13,5,5,5,5,5,5,5,5,5,5
Selective,1980,14,7,5,5,3,5,5,5,5,5,5
Selective,1980,15,5,5,5,5,5,5,5,5,5,5
Selective,1980,16,5,5,5,3,5,5,5,7,5,5
Selective,1980,17,5,5,5,3,5,5,5,5,5,5
Selective,1980,18,5,5,5,5,5,5,5,3,5,7
Selective,1980,19,5,5,5,5,5,5,5,5,5,5
Selective,1980,20,5,5,5,5,5,5,5,5,5,5
Selective,1980,21,5,5,5,5,5,5,5,5,5,5
Selective,1980,22,7,5,5,5,5,5,5,3,5,5
Selective,1980,23,7,5,5,5,5,5,5,7,5,5
Selective,1980,24,7,5,5,5,5,7,5,7,5,5
Selective,1981,1,5,5,5,5,5,5,5,3,5,5
Selective,1981,2,5,5,5,57,5,5,5,5,5,5
Selective,1981,3,7,5,5,5,5,5,5,5,5,5
Selective,1981,4,5,5,5,57,5,5,5,5,5,5
Selective,1981,5,3,5,5,5,5,5,5,5,5,5
Selective,1981,6,7,5,5,57,3,5,5,5,5,5
Selective,1981,7,5,5,5,5,5,5,5,5,5,5
Selective,1981,8,7,5,5,5,5,5,5,5,5,7
Selective,1981,9,7,5,5,57,5,5,5,5,5,7
Selective,1981,10,5,5,5,57,5,5,5,5,5,7
Selective,1981,11,5,5,5,57,7,5,5,5,5,7
Selective,1981,12,,,,5,5,5,5,5,5,7
Selective,1981,13,,,,57,5,5,5,5,5,5
Selective,1981,14,5,5,5,5,5,5,5,3,5,5
Selective,1981,15,5,7,5,57,5,5,5,,,0
Selective,1981,16,5,3,5,5,5,5,5,,,0
Selective,1981,17,3,7,5,57,5,5,5,,,0
Selective,1981,18,5,5,5,57,5,5,5,,,0
Selective,1981,19,5,7,5,5,5,5,5,,,0
Selective,1981,20,5,5,5,57,5,5,5,,,0
Selective,1982,1,5,5,5,5,5,5,5,5,5,5
Selective,1982,2,5,5,5,5,5,5,5,5,5,5
Selective,1982,3,5,5,5,5,5,5,5,5,5,5
Selective,1982,4,5,5,7,5,5,5,5,5,5,5
Selective,1982,5,5,5,5,5,5,5,5,5,5,5
Selective,1982,6,5,5,5,7,5,5,5,5,5,7
Selective,1982,7,5,5,5,5,5,5,5,5,5,5
Selective,1982,8,5,3,5,5,5,5,5,,,0
Selective,1982,9,5,5,5,5,5,5,5,,,0
Selective,1982,10,5,5,5,7,5,5,5,,,0
Selective,1982,11,5,5,5,5,5,5,5,,,0
Selective,1982,12,7,5,5,5,5,5,5,,,0
Selective,1982,13,7,5,3,5,5,5,5,,,0
Selective,1982,14,5,5,5,5,5,7,5,,,0
Selective,1982,15,5,5,5,5,5,5,5,5,5,5
Selective,1982,16,3,5,5,5,3,7,7,5,5,5
Selective,1982,17,5,5,5,5,5,5,5,5,5,5
Selective,1982,18,5,5,5,5,5,5,5,5,5,5
Selective,1982,19,5,5,5,5,5,5,5,5,5,5
Selective,1982,20,5,5,3,5,5,5,5,5,5,5
Selective,1982,21,5,5,5,7,5,5,5,3,5,5
Selective,1982,22,5,5,7,5,5,5,5,3,5,7
Selective,1982,23,5,5,5,5,5,5,5,5,5,7
Selective,1982,24,5,5,5,5,5,5,5,3,5,5
Selective,1983,1,5,7,5,5,5,5,5,57,5,3
Selective,1983,2,5,5,5,5,5,5,5,7,7,5
Selective,1983,3,5,5,5,5,5,5,5,3,5,5
Selective,1983,4,5,5,5,7,5,5,5,5,5,5
Selective,1983,5,5,7,5,5,5,5,5,5,5,5
Selective,1983,6,5,5,5,5,5,5,5,5,5,5
Selective,1983,7,5,5,5,5,5,5,5,5,5,7
Selective,1983,8,5,5,5,5,5,5,5,57,5,5
Selective,1983,9,5,5,5,5,5,5,5,57,5,7
Selective,1983,10,5,5,5,7,5,5,5,57,5,5
Selective,1983,11,5,5,5,7,5,5,5,5,5,5
Selective,1983,12,5,3,3,5,5,5,5,57,5,5
Selective,1983,13,3,3,5,5,5,5,5,57,5,7
Selective,1983,14,5,5,5,5,5,5,5,5,5,5
Selective,1983,15,5,5,5,5,5,5,5,57,5,5
Selective,1983,16,7,7,3,5,5,5,5,57,5,7
Selective,1983,17,5,5,3,5,5,5,5,5,5,3
Selective,1983,18,5,5,5,5,5,5,5,7,5,5
Selective,1983,19,5,5,5,5,5,5,5,7,5,7
Selective,1983,20,5,5,5,5,5,5,5,,,0
Selective,1983,21,5,5,5,7,5,5,5,,,0
Selective,1983,22,5,5,5,7,5,7,5,,,0
Selective,1983,23,5,5,5,7,3,5,5,,,0
Selective,1983,24,5,5,5,5,5,5,5,,,0
Selective,1983,25,5,5,5,5,5,5,5,,,0
Selective,1983,26,5,5,5,7,5,7,5,,,0
Selective,1983,27,5,5,5,5,5,5,5,,,0
Selective,1983,28,5,5,5,5,5,5,5,,,0
Selective,1983,29,5,5,5,5,5,5,5,,,0
Selective,1983,30,5,5,5,5,5,5,5,,,0
Selective,1983,31,5,5,5,7,5,5,5,,,0
Selective,1983,32,5,5,5,5,3,5,5,,,0
Selective,1983,33,5,5,5,7,5,5,5,,,0
Selective,1983,34,5,5,5,7,5,5,5,,,0
Selective,1983,35,5,5,5,7,5,5,5,,,0
Selective,1983,36,5,7,5,7,5,5,5,,,0
Selective,1983,37,5,5,5,7,5,5,5,57,5,5
Selective,1983,38,5,5,5,5,3,5,5,5,5,5
Selective,1983,39,5,5,5,5,3,5,5,57,5,5
Selective,1983,40,5,5,5,5,5,5,5,5,5,5
Selective,1983,41,5,5,5,5,5,5,5,5,5,5
Selective,1983,42,5,5,5,5,5,5,5,5,5,7
Selective,1983,43,5,5,5,5,5,5,5,5,5,5
Selective,1983,44,5,3,5,7,5,5,5,3,5,7
Selective,1983,45,5,5,5,7,5,5,5,5,5,5
Selective,1983,46,5,5,5,5,5,5,5,3,5,7
Selective,1983,47,5,5,5,5,5,5,1,5,5,7
Selective,1983,48,5,5,5,5,3,3,5,5,5,7
Selective,1983,49,3,5,3,5,5,5,5,3,5,7
Selective,1983,50,5,3,5,7,5,5,5,5,5,5
Selective,1983,51,3,5,3,5,5,3,5,3,5,5
Selective,1983,52,5,5,3,5,5,7,5,3,5,7
Selective,1983,53,3,3,3,5,3,3,5,3,5,5
Selective,1983,54,5,3,3,5,5,3,5,5,5,5
Selective,1984,1,35,7,5,35,35,5,5,5,5,57
Selective,1984,2,3,7,5,5,5,5,5,5,5,57
Selective,1984,3,35,7,5,35,35,5,5,57,5,57
Selective,1984,4,35,5,5,35,35,5,5,57,5,57
Selective,1984,5,5,5,5,3,5,5,5,5,5,7
Selective,1984,6,5,5,5,35,35,5,5,57,5,5
Selective,1984,7,5,5,5,35,3,5,5,57,5,5
Selective,1984,8,5,5,5,35,35,5,5,5,5,5
Selective,1984,9,5,5,5,35,35,5,5,57,5,5
Selective,1984,10,5,5,5,35,35,5,5,57,5,5
Selective,1984,11,5,5,5,35,35,5,5,5,5,5
Selective,1984,12,35,5,5,5,35,5,5,57,5,5
Selective,1984,13,35,5,5,35,35,5,5,57,5,5
Selective,1984,14,35,5,5,5,5,5,5,5,5,57
Selective,1984,15,5,3,3,35,5,5,5,57,5,57
Selective,1984,16,5,7,3,35,35,5,5,57,5,57
Selective,1984,17,35,5,3,5,3,3,5,5,5,57
Selective,1984,18,35,5,5,35,35,5,5,57,5,57
Selective,1984,19,5,5,5,35,35,5,5,5,5,57
Selective,1984,20,35,3,3,35,35,5,5,57,5,57
Selective,1984,21,5,5,5,35,35,5,5,5,5,57
Selective,1984,22,35,5,5,35,5,5,5,3,5,57
Selective,1984,23,35,5,5,35,5,5,5,5,5,57
Selective,1984,24,5,3,5,35,5,5,5,5,5,57
Selective,1985,1,5,5,5,5,5,5,5,5,5,5
Selective,1985,2,5,5,5,5,5,5,5,5,5,5
Selective,1985,3,3,5,5,7,5,5,5,35,5,5
Selective,1985,4,5,5,5,5,5,5,5,5,5,5
Selective,1985,5,3,5,5,5,5,5,5,5,5,5
Selective,1985,6,7,7,5,7,5,5,5,7,5,5
Selective,1985,7,5,5,3,7,5,5,5,5,5,5
Selective,1985,8,5,7,5,5,5,5,5,7,5,3
Selective,1985,9,3,5,5,5,5,5,5,5,5,5
Selective,1985,10,5,5,5,5,5,5,5,5,5,5
Selective,1985,11,3,5,5,5,5,5,5,35,5,5
Selective,1985,12,5,5,5,5,5,5,5,5,5,5
Selective,1985,13,5,5,5,5,5,5,5,5,5,5
Selective,1985,14,3,5,5,7,5,5,5,5,5,5
Selective,1985,15,3,5,5,5,5,5,5,35,5,5
Selective,1985,16,5,5,5,7,5,5,5,5,5,7
Selective,1985,17,5,5,5,5,5,5,5,5,5,5
Selective,1985,18,5,5,5,5,5,5,5,5,5,5
Selective,1985,19,5,5,5,7,5,7,5,5,5,7
Selective,1985,20,5,5,5,5,3,5,5,5,5,5
Selective,1985,21,3,5,5,5,5,5,5,5,5,5
Selective,1985,22,5,5,5,5,5,5,5,35,5,7
Selective,1985,23,5,5,5,7,5,7,7,35,5,7
Selective,1985,24,5,3,5,5,5,7,5,5,5,5
Selective,1985,25,7,3,5,7,5,5,5,5,5,7
Selective,1985,26,5,3,5,5,5,7,5,5,5,5
Selective,1985,27,5,5,5,5,5,5,5,5,5,5
Selective,1985,28,3,5,5,5,5,5,5,5,5,5
Selective,1985,29,5,5,5,5,5,5,5,5,5,5
Selective,1985,30,5,7,5,6,5,5,5,7,5,5
Clearcut,1986,1,3,3,3,35,5,5,5,35,5,35
Clearcut,1986,2,5,5,5,35,3,5,5,5,5,35
Clearcut,1986,3,3,5,5,35,5,5,5,35,5,35
Clearcut,1986,4,5,5,5,35,5,5,5,5,5,35
Clearcut,1986,5,5,5,5,35,5,5,5,35,5,35
Clearcut,1986,6,5,5,5,35,5,5,5,5,5,35
Clearcut,1986,7,3,7,7,5,3,5,5,5,5,5
Clearcut,1986,8,5,5,5,5,5,5,5,3,5,35
Clearcut,1986,9,5,5,5,3,5,5,5,5,5,35
Clearcut,1986,10,3,5,5,35,5,5,5,5,5,35
Clearcut,1986,11,5,5,5,35,5,5,5,5,5,35
Clearcut,1986,12,5,5,5,35,5,5,5,5,5,35
Clearcut,1986,13,5,7,3,5,5,5,3,3,5,35
Clearcut,1986,14,5,7,3,5,5,3,5,5,5,35
Clearcut,1986,15,5,5,5,3,5,5,5,5,5,35
Clearcut,1986,16,5,5,5,35,5,5,5,5,5,35
Clearcut,1986,17,5,5,5,35,5,5,5,5,5,35
Clearcut,1986,18,5,5,5,35,3,5,5,5,5,35
Clearcut,1986,19,5,3,5,35,5,5,5,5,5,35
Clearcut,1986,20,5,5,5,35,5,3,5,5,5,35
Clearcut,1986,21,5,3,5,35,5,5,7,5,5,5
Clearcut,1986,22,3,5,5,35,5,3,5,5,5,35
Clearcut,1986,23,5,3,5,35,5,5,5,5,5,35
Clearcut,1986,24,5,5,5,35,5,3,5,5,5,35
Clearcut,1987,1,5,7,5,5,5,5,5,35,5,5
Clearcut,1987,2,5,5,7,5,5,5,5,5,5,5
Clearcut,1987,3,7,5,5,5,5,5,5,35,5,5
Clearcut,1987,4,5,5,3,3,5,5,5,35,5,5
Clearcut,1987,5,5,5,5,5,5,5,5,5,5,5
Clearcut,1987,6,5,3,5,3,5,5,5,5,5,5
Clearcut,1987,7,5,5,5,5,5,5,5,5,5,5
Clearcut,1987,8,5,3,3,5,5,5,35,5,5,5
Clearcut,1987,9,5,5,3,5,5,5,5,3,5,5
Clearcut,1987,10,5,5,5,5,5,5,35,5,5,5
Clearcut,1987,11,5,3,5,5,5,5,5,35,5,5
Clearcut,1987,12,5,5,5,5,5,5,5,35,5,5
Clearcut,1987,13,5,5,5,5,5,5,5,35,5,5
Clearcut,1987,14,5,7,5,5,5,5,5,35,5,5
Clearcut,1987,15,5,5,5,7,5,5,5,5,5,5
Clearcut,1987,16,5,5,3,5,5,5,35,7,5,5
Clearcut,1987,17,5,5,5,5,5,5,35,5,5,5
Clearcut,1987,18,5,3,3,7,5,5,5,5,5,5
Clearcut,1987,19,5,5,5,5,5,5,5,5,5,5
Clearcut,1987,20,5,5,5,5,5,5,5,35,5,5
Clearcut,1987,21,5,5,5,5,5,5,5,5,5,5
Clearcut,1987,22,5,5,5,5,5,5,5,35,5,7
Clearcut,1987,23,7,3,5,5,5,5,35,35,5,5
Clearcut,1987,24,5,5,5,5,5,5,35,35,5,5
Clearcut,1988,1,5,35,5,5,5,5,5,5,5,57
Clearcut,1988,2,5,5,5,5,5,5,5,5,5,57
Clearcut,1988,3,5,5,5,5,5,5,5,5,5,57
Clearcut,1988,4,5,5,5,5,5,5,5,35,5,57
Clearcut,1988,5,5,5,3,5,5,5,5,35,5,57
Clearcut,1988,6,5,35,5,5,5,5,5,5,5,57
Clearcut,1988,7,5,35,3,5,5,5,5,5,5,57
Clearcut,1988,8,5,35,5,5,5,3,5,35,5,57
Clearcut,1988,9,5,5,3,5,5,5,5,35,5,57
Clearcut,1988,10,5,5,5,5,5,5,5,35,5,5
Clearcut,1988,11,5,35,5,5,5,5,5,3,5,57
Clearcut,1988,12,5,5,5,5,5,5,5,5,5,57
Clearcut,1988,13,5,35,3,3,5,5,5,35,5,5
Clearcut,1988,14,5,5,5,5,5,5,5,5,5,57
Clearcut,1988,15,5,5,7,5,5,5,5,5,5,57
Clearcut,1988,16,5,5,5,3,5,5,5,5,5,57
Clearcut,1988,17,5,5,5,5,5,5,5,35,5,57
Clearcut,1988,18,5,5,5,3,5,5,5,35,5,5
Clearcut,1988,19,5,35,5,5,5,5,5,5,5,5
Clearcut,1988,20,5,5,5,5,5,5,5,5,5,57
Clearcut,1988,21,5,7,5,3,5,5,5,5,5,57
Clearcut,1988,22,5,7,5,5,5,5,5,5,3,5
Clearcut,1988,23,5,5,5,5,5,5,5,5,5,5
Clearcut,1988,24,3,35,5,5,5,5,3,35,5,57
Clearcut,1989,1,5,35,5,5,5,5,5,5,5,5
Clearcut,1989,2,5,5,5,5,3,5,5,5,5,5
Clearcut,1989,3,5,5,5,5,5,5,5,5,5,5
Clearcut,1989,4,5,35,5,5,5,5,5,5,5,7
Clearcut,1989,5,5,35,35,7,5,5,5,5,5,5
Clearcut,1989,6,5,35,35,5,5,7,5,5,7,7
Clearcut,1989,7,5,5,5,5,5,7,5,5,5,7
Clearcut,1989,8,5,35,5,5,5,5,5,5,7,7
Clearcut,1989,9,5,5,5,7,5,5,5,5,5,5
Clearcut,1989,10,5,5,5,5,3,5,5,5,5,5
Clearcut,1989,11,5,35,5,5,5,7,5,5,5,5
Clearcut,1989,12,5,5,5,7,5,5,5,5,5,5
Clearcut,1989,13,3,5,5,5,5,5,5,5,5,5
Clearcut,1989,14,5,5,5,5,5,5,5,5,5,5
Clearcut,1989,15,3,35,35,5,5,5,5,5,5,7
Clearcut,1989,16,3,35,5,5,5,5,5,5,5,5
Clearcut,1989,17,5,5,35,7,5,5,3,5,5,5
Clearcut,1989,18,5,5,35,5,5,7,3,5,5,5
Clearcut,1989,19,5,35,35,5,5,5,5,5,5,5
Clearcut,1989,20,5,5,5,7,5,5,5,5,5,5
Clearcut,1989,21,3,5,5,7,5,7,5,5,5,5
Clearcut,1989,22,5,5,35,5,5,5,5,5,5,5
Clearcut,1989,23,5,5,5,7,5,5,5,5,5,5
Clearcut,1989,24,5,35,5,5,5,5,5,5,5,5
Clearcut,1990,1,5,5,5,5,5,5,5,5,5,5
Clearcut,1990,2,5,5,5,3,5,5,5,5,5,7
Clearcut,1990,3,5,5,3,3,5,5,5,5,5,5
Clearcut,1990,4,5,3,5,3,5,5,5,5,5,5
Clearcut,1990,5,5,5,3,5,5,5,5,5,5,5
Clearcut,1990,6,5,5,5,5,5,5,5,5,5,5
Clearcut,1990,7,5,3,5,5,5,5,5,5,5,5
Clearcut,1990,8,5,5,5,5,5,5,5,5,5,7
Clearcut,1990,9,5,5,5,5,5,5,5,5,5,5
Clearcut,1990,10,5,5,5,3,5,5,5,5,5,5
Clearcut,1990,11,5,3,5,5,5,5,5,5,5,5
Clearcut,1990,12,5,5,5,5,5,5,5,5,5,5
Clearcut,1990,13,5,5,5,5,3,5,5,5,5,5
Clearcut,1990,14,5,5,5,5,5,35,5,5,5,7
Clearcut,1990,15,5,3,5,5,5,35,5,5,5,5
Clearcut,1990,16,5,5,5,3,5,35,5,5,5,5
Clearcut,1990,17,5,3,5,5,5,35,5,5,5,5
Clearcut,1990,18,5,3,5,5,5,35,5,5,5,5
Clearcut,1990,19,5,5,5,3,5,35,5,5,5,5
Clearcut,1990,20,5,5,5,5,5,5,5,5,5,7
Clearcut,1990,21,5,5,5,3,5,35,5,5,5,5
Clearcut,1990,22,5,5,3,5,5,5,5,5,5,5
Clearcut,1990,23,5,5,5,3,5,5,5,5,5,7
Clearcut,1990,24,5,3,5,5,5,35,5,5,5,5
Clearcut,1991,1,7,5,5,5,5,,,5,5,5
Clearcut,1991,2,5,5,5,7,3,,,5,5,5
Clearcut,1991,3,5,5,5,5,5,,,5,5,5
Clearcut,1991,4,5,5,5,5,3,,,5,5,5
Clearcut,1991,5,5,5,5,5,5,,,5,5,5
Clearcut,1991,6,7,5,5,7,5,,,5,5,5
Clearcut,1991,7,5,5,5,7,5,,,5,5,5
Clearcut,1991,8,7,5,5,7,5,,,5,5,5
Clearcut,1991,9,5,5,5,7,5,,,5,5,5
Clearcut,1991,10,5,5,5,5,5,,,5,5,5
Clearcut,1991,11,5,57,3,5,5,5,5,3,5,3
Clearcut,1991,12,5,57,3,7,5,5,5,3,5,7
Clearcut,1991,13,5,57,5,7,5,5,5,5,5,3
Clearcut,1991,14,5,57,3,5,5,5,5,5,5,3
Clearcut,1991,15,5,5,3,5,5,5,5,5,5,7
Clearcut,1991,16,5,3,5,5,5,5,5,5,5,7
Clearcut,1991,17,5,57,3,5,5,5,5,5,5,7
Clearcut,1991,18,5,57,5,5,5,5,5,3,5,7
Clearcut,1991,19,3,5,3,7,5,5,5,3,5,5
Clearcut,1991,20,5,5,3,5,5,5,5,5,5,5
Clearcut,1991,21,5,5,3,5,5,5,5,3,5,5
Clearcut,1991,22,3,5,3,5,5,5,5,3,5,5
Clearcut,1991,23,3,5,5,7,5,5,5,5,5,5
Clearcut,1991,24,5,5,5,5,5,5,5,5,5,5
Clearcut,1991,25,5,57,5,5,3,5,5,3,5,5
Clearcut,1991,26,5,57,5,5,5,5,5,5,5,5
Clearcut,1991,27,5,57,5,5,5,5,5,5,5,5
Clearcut,1991,28,5,57,5,5,5,5,5,7,5,5
Clearcut,1991,29,5,5,5,5,5,5,5,5,5,5
Clearcut,1991,30,7,5,3,5,3,5,5,3,5,5
Clearcut,1991,31,5,5,5,5,5,5,5,7,5,7
Clearcut,1991,32,5,57,3,5,5,5,5,5,5,7
Clearcut,1991,33,5,57,5,5,5,5,5,5,5,7
Clearcut,1991,34,5,57,5,5,5,5,5,5,5,5
Clearcut,1991,35,5,7,5,5,5,5,5,5,5,7
Clearcut,1991,36,5,57,5,5,5,5,5,5,5,5
Clearcut,1991,37,5,57,5,5,5,5,5,5,5,5
Clearcut,1991,38,3,57,5,5,5,5,5,5,5,5
Clearcut,1991,39,7,5,5,5,5,5,5,5,7,5
Clearcut,1991,40,5,57,5,7,5,5,5,5,5,5
Clearcut,1991,41,5,57,5,5,5,5,5,7,7,5
Clearcut,1991,42,5,7,5,7,5,5,5,5,5,5
Clearcut,1991,43,5,7,5,5,5,5,5,3,5,7
Clearcut,1991,44,5,7,5,7,5,5,5,5,7,5
Clearcut,1991,45,5,7,5,5,5,5,5,5,5,5
Clearcut,1991,46,5,5,5,5,5,5,5,,,0
Clearcut,1991,47,5,57,5,5,5,5,5,,,0
Clearcut,1992,1,5,5,5,35,5,5,5,5,5,5
Clearcut,1992,2,5,5,5,35,5,5,5,5,5,5
Clearcut,1992,3,5,7,5,35,5,5,5,5,5,5
Clearcut,1992,4,5,7,7,5,5,5,5,5,5,5
Clearcut,1992,5,5,5,5,5,5,5,5,5,5,7
Clearcut,1992,6,5,5,5,35,5,7,3,5,5,5
Clearcut,1992,7,5,5,5,35,5,5,5,5,5,5
Clearcut,1992,8,5,3,5,5,5,5,5,5,5,5
Clearcut,1992,9,5,3,3,5,5,5,5,3,5,5
Clearcut,1992,10,5,5,5,5,5,5,5,5,5,5
Clearcut,1992,11,5,5,5,35,5,7,5,5,5,7
Clearcut,1992,12,5,5,5,5,5,5,5,5,5,5
Clearcut,1992,13,5,5,5,5,5,5,5,7,5,7
Clearcut,1992,14,5,5,5,35,5,5,5,5,5,5
Clearcut,1992,15,5,5,5,35,5,5,5,5,5,5
Clearcut,1992,16,5,5,3,35,5,7,5,5,5,5
Clearcut,1992,17,3,5,5,35,5,3,5,5,5,7
Clearcut,1992,18,5,5,5,35,5,7,5,5,5,5
Clearcut,1992,19,3,5,5,35,5,5,5,5,5,5
Clearcut,1992,20,5,5,5,35,5,7,5,7,5,5
Clearcut,1992,21,5,5,5,5,5,5,5,5,5,5
Clearcut,1992,22,5,5,5,35,5,5,5,5,5,7
Clearcut,1992,23,5,5,5,35,5,5,5,5,5,5
Clearcut,1992,24,5,5,5,35,5,3,5,5,7,5
Clearcut,1994,1,5,5,5,5,5,5,5,5,5,7
Clearcut,1994,2,5,5,5,5,5,5,5,5,5,7
Clearcut,1994,3,5,5,5,5,5,5,5,5,5,5
Clearcut,1994,4,5,5,5,5,5,5,5,5,5,7
Clearcut,1994,5,5,5,5,5,5,5,5,5,5,5
Clearcut,1994,6,5,5,5,5,5,5,5,5,5,5
Clearcut,1994,7,5,3,5,5,5,5,5,5,5,5
Clearcut,1994,8,5,3,5,7,5,5,5,5,5,5
Clearcut,1994,9,5,3,3,7,5,5,5,5,5,5
Clearcut,1994,10,5,5,3,7,5,7,5,5,5,5
Clearcut,1994,11,5,3,5,5,5,5,5,5,5,5
Clearcut,1994,12,5,3,3,5,5,7,5,5,5,5
Clearcut,1994,13,5,5,3,5,5,5,5,5,5,7
Clearcut,1994,14,5,5,3,5,5,5,5,5,5,5
Clearcut,1994,15,5,5,3,5,5,5,5,5,5,7
Clearcut,1994,16,5,5,5,5,5,5,5,5,5,5
Clearcut,1994,17,3,5,3,5,5,5,5,5,5,5
Clearcut,1994,18,5,5,5,7,5,5,5,5,5,5
Clearcut,1994,19,5,5,5,5,5,5,5,5,5,5
Clearcut,1994,20,5,5,5,5,5,5,5,5,5,5
Clearcut,1994,21,5,5,5,5,5,5,5,5,5,5
Clearcut,1994,22,5,5,5,5,5,5,5,5,5,7
Clearcut,1994,23,5,5,5,5,5,5,5,5,5,5
Clearcut,1994,24,5,5,5,5,5,5,5,5,5,5
Clearcut,1995,1,5,5,5,5,5,5,5,5,5,7
Clearcut,1995,2,5,5,5,5,5,5,5,5,5,3
Clearcut,1995,3,5,3,5,5,5,5,5,5,5,3
Clearcut,1995,4,7,5,5,7,5,5,5,5,5,7
Clearcut,1995,5,5,7,5,5,5,5,5,3,5,3
Clearcut,1995,6,5,5,5,5,5,5,5,3,5,5
Clearcut,1995,7,7,5,5,5,5,7,5,5,5,3
Clearcut,1995,8,7,7,7,5,5,5,5,5,3,7
Clearcut,1995,9,5,5,5,5,5,5,5,5,5,7
Clearcut,1995,10,5,7,5,7,5,5,5,5,5,7
Clearcut,1995,11,5,5,5,5,5,5,5,5,3,5
Clearcut,1995,12,5,5,5,7,5,5,5,5,5,5
Clearcut,1995,13,7,5,5,7,5,5,5,5,5,7
Clearcut,1995,14,5,5,5,7,5,5,5,5,5,5
Clearcut,1995,15,5,5,5,5,5,5,5,5,5,5
Clearcut,1995,16,5,5,5,7,5,5,5,5,5,5
Clearcut,1995,17,5,5,5,7,5,5,5,5,5,3
Clearcut,1995,18,5,5,5,5,5,5,5,5,5,5
Clearcut,1995,19,5,5,5,5,5,5,5,5,5,5
Clearcut,1995,20,5,5,5,7,5,5,5,5,5,7
Clearcut,1995,21,5,5,5,7,5,5,5,5,5,3
Clearcut,1995,22,5,5,5,5,5,5,5,5,7,5
Clearcut,1995,23,7,3,5,5,5,5,5,7,5,3
Clearcut,1995,24,5,3,5,5,5,5,5,7,5,7
Clearcut,1996,1,5,5,5,7,5,5,5,5,5,5
Clearcut,1996,2,5,5,5,5,35,5,5,5,7,7
Clearcut,1996,3,5,5,5,5,5,5,5,57,5,5
Clearcut,1996,4,5,3,5,5,35,5,5,3,5,5
Clearcut,1996,5,5,5,5,5,35,5,5,7,5,5
Clearcut,1996,6,5,7,3,5,35,5,5,57,5,5
Clearcut,1996,7,57,5,5,5,5,5,5,5,5,7
Clearcut,1996,8,5,3,5,5,5,5,5,5,5,7
Clearcut,1996,9,5,5,5,5,35,5,5,5,5,5
Clearcut,1996,10,57,5,,5,35,5,5,,,0
Clearcut,1996,11,57,5,,7,35,5,5,,,0
Clearcut,1996,12,57,5,,5,35,5,5,,,0
Clearcut,1996,13,57,5,,5,35,5,5,,,0
Clearcut,1996,14,3,7,,5,5,5,5,,,0
Clearcut,1996,15,5,5,,5,35,5,5,,,0
Clearcut,1996,16,57,7,,7,5,5,5,,,0
Clearcut,1996,17,5,5,,7,35,5,5,,,0
Clearcut,1996,18,5,3,,5,5,5,5,,,0
Clearcut,1996,19,57,5,,5,35,5,5,,,0
Clearcut,1996,20,5,3,,5,5,5,5,,,0
Clearcut,1996,21,57,5,,5,5,5,5,,,0
Clearcut,1997,1,5,5,5,5,5,5,5,5,5,5
Clearcut,1997,2,5,5,5,5,5,5,5,5,5,7
Clearcut,1997,3,3,5,5,7,5,5,5,5,7,5
Clearcut,1997,4,5,5,5,5,5,5,5,5,5,5
Clearcut,1997,5,57,57,5,7,5,5,5,35,5,5
Clearcut,1997,6,5,57,5,5,5,5,5,5,7,5
Clearcut,1997,7,57,57,5,5,5,5,5,35,5,5
Clearcut,1997,8,5,57,5,5,5,5,5,35,5,5
Clearcut,1997,9,7,57,5,5,5,5,5,5,5,5
Clearcut,1997,10,5,5,5,5,5,5,5,5,5,5
Clearcut,1997,11,5,57,5,5,5,5,5,35,5,5
Clearcut,1997,12,57,57,3,5,5,5,5,5,5,5
Clearcut,1997,13,3,57,3,5,5,5,5,5,5,5
Clearcut,1997,14,5,57,5,5,5,5,5,5,5,7
Clearcut,1997,15,5,7,5,5,5,5,5,35,5,5
Clearcut,1997,16,5,57,5,5,5,5,5,5,5,5
Clearcut,1997,17,5,57,5,5,5,5,5,35,5,5
Clearcut,1997,18,7,57,5,5,5,5,5,35,5,5
Clearcut,1997,19,57,5,5,5,5,5,5,35,5,5
Clearcut,1997,20,5,57,5,7,5,5,5,35,5,7
Clearcut,1997,21,5,5,7,5,5,5,5,5,7,5
Clearcut,1997,22,57,5,5,5,5,5,5,35,5,5
Clearcut,1997,23,57,5,7,5,5,5,5,35,5,5
Clearcut,1997,24,57,5,5,5,5,5,5,5,5,5
Clearcut,1997,25,5,5,5,5,5,5,5,5,5,5
Clearcut,1997,26,7,5,5,5,5,5,5,35,5,5
Clearcut,1997,27,5,5,5,7,5,5,5,35,5,5
Clearcut,1997,28,5,5,5,5,5,5,5,35,5,5
Clearcut,1997,29,5,5,5,5,5,5,5,5,5,5
Clearcut,1997,30,5,5,5,5,5,5,5,35,5,7
Clearcut,1997,31,5,5,7,5,5,5,5,35,5,5
Clearcut,1997,32,5,5,5,5,5,5,5,5,5,5
Clearcut,1997,33,5,5,5,7,5,5,5,3,5,5
Clearcut,1997,34,5,5,5,5,3,5,5,5,5,5
Clearcut,1997,35,57,5,5,7,5,5,5,5,5,5
Clearcut,1997,36,5,5,5,7,5,5,5,35,5,5
Clearcut,1998,1,5,3,7,5,3,5,5,3,5,5
Clearcut,1998,2,5,5,5,57,5,5,5,5,5,5
Clearcut,1998,3,5,3,7,3,5,5,5,5,5,5
Clearcut,1998,4,5,3,5,57,5,5,5,5,5,3
Clearcut,1998,5,5,3,5,57,5,5,5,57,5,5
Clearcut,1998,6,5,5,5,57,5,5,5,5,5,7
Clearcut,1998,7,5,3,3,7,5,5,5,57,5,7
Clearcut,1998,8,5,5,3,3,5,5,5,57,5,5
Clearcut,1998,9,5,5,5,3,3,5,5,5,5,5
Clearcut,1998,10,5,5,3,57,3,5,5,57,5,5
Clearcut,1998,11,5,3,3,5,5,5,5,5,5,5
Clearcut,1998,12,5,5,5,5,5,5,5,57,5,5
Clearcut,1998,13,5,3,5,5,5,7,5,3,5,5
Clearcut,1998,14,5,5,5,7,5,5,5,5,5,5
Clearcut,1998,15,7,5,5,5,5,5,5,5,5,5
Clearcut,1998,16,5,5,5,5,5,5,5,5,5,5
Clearcut,1998,17,5,5,5,57,5,5,5,3,5,5
Clearcut,1998,18,7,5,5,57,5,5,5,5,7,5
Clearcut,1998,19,7,5,5,57,5,5,5,3,5,5
Clearcut,1998,20,5,5,5,5,5,5,5,57,5,5
Clearcut,1998,21,7,5,5,57,5,5,5,5,5,5
Clearcut,1998,22,5,5,5,57,5,5,5,57,5,5
Clearcut,1998,23,7,5,5,57,5,5,5,57,5,5
Clearcut,1998,24,5,5,5,57,5,5,5,5,5,5
Clearcut,1999,1,57,5,5,5,3,,,5,5,5
Clearcut,1999,2,5,5,3,5,5,,,5,7,7
Clearcut,1999,3,5,5,5,5,5,,,5,5,5
Clearcut,1999,4,5,5,5,5,5,,,,,0
Clearcut,1999,5,5,5,5,5,5,7,5,3,5,5
Clearcut,1999,6,5,5,5,5,5,7,5,57,5,5
Clearcut,1999,7,5,5,5,5,5,5,5,3,5,5
Clearcut,1999,8,5,5,5,5,5,5,5,57,5,5
Clearcut,1999,9,5,5,5,5,5,5,5,3,5,5
Clearcut,1999,10,5,5,5,5,5,5,5,57,7,5
Clearcut,1999,11,5,5,5,5,5,5,5,3,5,7
Clearcut,1999,12,5,5,5,5,5,5,5,3,5,7
Clearcut,1999,13,5,5,5,5,5,5,5,57,5,5
Clearcut,1999,14,5,5,5,7,5,5,5,57,5,5
Clearcut,1999,15,5,5,5,5,5,5,5,57,5,7
Clearcut,1999,16,5,5,5,5,5,5,5,5,5,5
Clearcut,1999,17,5,5,5,5,5,5,5,3,7,5
Clearcut,1999,18,3,7,5,7,5,5,5,5,5,5
Clearcut,1999,19,5,5,5,5,5,5,5,57,5,5
Clearcut,1999,20,5,7,5,5,5,5,5,5,7,3
Clearcut,1999,21,5,5,5,7,5,5,5,5,7,5
Clearcut,1999,22,5,7,3,5,5,5,5,5,5,5
Clearcut,1999,23,5,7,5,7,5,5,5,57,5,7
Clearcut,1999,24,5,7,3,5,5,5,5,5,5,5
Clearcut,1999,25,5,5,5,5,5,5,5,5,5,7
Clearcut,1999,26,5,5,5,5,5,5,5,5,5,5
Clearcut,1999,27,5,5,3,5,5,5,5,5,7,5
Clearcut,1999,28,5,5,5,5,5,5,5,5,5,7
Clearcut,1999,29,7,5,5,5,5,5,5,3,5,7
Clearcut,1999,30,3,5,5,5,5,5,5,3,5,5
Clearcut,1999,31,57,5,5,5,5,5,5,5,5,7
Clearcut,1999,32,5,5,5,5,5,5,5,5,5,5
Clearcut,1999,33,5,5,5,5,3,5,5,5,5,5
Clearcut,1999,34,5,5,5,5,5,5,5,3,5,5
Clearcut,1999,35,57,5,5,5,5,5,5,5,5,5
Clearcut,2000,1,5,5,5,5,5,,,3,7,5
Clearcut,2000,2,5,5,3,5,5,,,3,5,5
Clearcut,2000,3,5,5,5,5,5,,,5,5,5
Clearcut,2000,4,5,5,5,5,3,,,5,5,5
Clearcut,2000,5,7,5,5,5,5,,,57,5,7
Clearcut,2000,6,7,57,5,57,5,,,57,5,5
Clearcut,2000,7,5,57,5,5,5,,,3,5,7
Clearcut,2000,8,5,5,5,57,5,,,57,5,5
Clearcut,2000,9,5,5,5,57,5,,,7,5,7
Clearcut,2000,10,5,57,5,5,5,,,5,5,5
Clearcut,2000,11,5,5,5,57,5,,,3,5,5
Clearcut,2000,12,5,5,5,5,5,,,3,5,5
Clearcut,2000,13,5,5,5,57,5,,,5,5,5
Clearcut,2000,14,5,57,3,5,5,,,57,5,5
Clearcut,2000,15,5,5,5,5,5,,,3,5,3
Clearcut,2000,16,5,57,5,5,5,,,5,5,5
Clearcut,2000,17,5,5,5,57,5,,,57,5,5
Clearcut,2000,18,5,5,3,5,5,,,57,5,5
Clearcut,2000,19,5,57,5,57,5,,,57,5,5
Clearcut,2000,20,5,5,5,57,5,,,3,5,5
Clearcut,2000,21,5,5,5,57,5,,,3,5,5
Clearcut,2000,22,5,5,5,57,5,,,7,5,5
Clearcut,2000,23,5,5,5,57,5,,,5,5,5
Clearcut,2000,24,5,5,5,57,5,,,5,5,5
Clearcut,2000,25,5,5,5,5,5,,,57,5,7
Clearcut,2000,26,5,5,5,57,5,,,57,5,7
Clearcut,2000,27,5,5,5,57,5,,,5,5,7
Clearcut,2000,28,7,5,5,57,5,,,57,5,3
Clearcut,2000,29,7,5,5,5,5,,,3,5,7
Clearcut,2000,30,5,5,5,5,5,5,5,3,5,3
Clearcut,2000,31,5,57,5,57,5,5,5,5,5,7
Clearcut,2000,32,5,57,5,5,5,5,5,5,5,5
Clearcut,2000,33,5,7,5,57,5,5,5,5,5,5
Clearcut,2000,34,5,7,5,57,5,5,5,5,5,7
Clearcut,2000,35,7,7,5,57,5,5,5,5,5,3
Clearcut,2000,36,5,7,5,5,5,5,5,5,5,5
Clearcut,2000,37,5,5,5,5,5,5,5,5,5,7
Clearcut,2000,38,5,57,5,5,5,5,5,3,5,5
Clearcut,2000,39,5,57,5,57,5,5,5,5,5,7
Clearcut,2000,40,7,57,5,57,5,5,5,57,5,5
Clearcut,2000,41,5,57,5,5,5,5,5,5,5,5